HLA,Peptide,A+R+,A-R+,A+R-,A-R-,N_donors,Relative_freq,Odds_ratio,Fisher_pval,Response_cutoff
DPA1*01:03,GINTIPIAINEAEYV,315,64,0,0,379,1.0,,1.0,1.0
DPB1*04:01,GINTIPIAINEAEYV,235,144,0,0,379,1.0,,1.0,1.0
DQB1*03,GINTIPIAINEAEYV,204,177,0,0,381,1.0,,1.0,1.0
DRB4*01:03,GINTIPIAINEAEYV,157,227,0,0,384,1.0,,1.0,1.0
A*02:01,GINTIPIAINEAEYV,145,239,0,0,384,1.0,,1.0,1.0
DQB1*02,GINTIPIAINEAEYV,134,247,0,0,381,1.0,,1.0,1.0
DQA1*01:02,GINTIPIAINEAEYV,134,247,0,0,381,1.0,,1.0,1.0
DRB5*01:01,GINTIPIAINEAEYV,126,258,0,0,384,1.0,,1.0,1.0
DQB1*05,GINTIPIAINEAEYV,123,258,0,0,381,1.0,,1.0,1.0
DRB3*02:02,GINTIPIAINEAEYV,122,262,0,0,384,1.0,,1.0,1.0
C*07:02,GINTIPIAINEAEYV,111,273,0,0,384,1.0,,1.0,1.0
A*01:01,GINTIPIAINEAEYV,110,274,0,0,384,1.0,,1.0,1.0
DPA1*02:01,GINTIPIAINEAEYV,99,280,0,0,379,1.0,,1.0,1.0
DQB1*06:02,GINTIPIAINEAEYV,98,283,0,0,381,1.0,,1.0,1.0
DRB1*15:01,GINTIPIAINEAEYV,97,287,0,0,384,1.0,,1.0,1.0
DRB1*03:01,GINTIPIAINEAEYV,91,293,0,0,384,1.0,,1.0,1.0
DRB3*01:01,GINTIPIAINEAEYV,89,295,0,0,384,1.0,,1.0,1.0
C*07:01,GINTIPIAINEAEYV,88,296,0,0,384,1.0,,1.0,1.0
DPB1*02:01,GINTIPIAINEAEYV,85,294,0,0,379,1.0,,1.0,1.0
B*07:02,GINTIPIAINEAEYV,82,302,0,0,384,1.0,,1.0,1.0
B*08:01,GINTIPIAINEAEYV,79,305,0,0,384,1.0,,1.0,1.0
DRB1*07:01,GINTIPIAINEAEYV,79,305,0,0,384,1.0,,1.0,1.0
A*03:01,GINTIPIAINEAEYV,74,310,0,0,384,1.0,,1.0,1.0
DPB1*01:01,GINTIPIAINEAEYV,74,305,0,0,379,1.0,,1.0,1.0
DQA1*05:01,GINTIPIAINEAEYV,72,309,0,0,381,1.0,,1.0,1.0
A*24:02,GINTIPIAINEAEYV,70,314,0,0,384,1.0,,1.0,1.0
C*04:01,GINTIPIAINEAEYV,68,316,0,0,384,1.0,,1.0,1.0
C*06:02,GINTIPIAINEAEYV,65,319,0,0,384,1.0,,1.0,1.0
A*11:01,GINTIPIAINEAEYV,64,320,0,0,384,1.0,,1.0,1.0
C*05:01,GINTIPIAINEAEYV,64,320,0,0,384,1.0,,1.0,1.0
DQA1*05:05,GINTIPIAINEAEYV,64,317,0,0,381,1.0,,1.0,1.0
DQA1*03:01,GINTIPIAINEAEYV,58,323,0,0,381,1.0,,1.0,1.0
DQA1*02:01,GINTIPIAINEAEYV,58,323,0,0,381,1.0,,1.0,1.0
B*44:02,GINTIPIAINEAEYV,57,327,0,0,384,1.0,,1.0,1.0
DRB1*04:01,GINTIPIAINEAEYV,57,327,0,0,384,1.0,,1.0,1.0
DQA1*01:01,GINTIPIAINEAEYV,56,325,0,0,381,1.0,,1.0,1.0
DPB1*04:02,GINTIPIAINEAEYV,53,326,0,0,379,1.0,,1.0,1.0
DRB1*01:01,GINTIPIAINEAEYV,48,336,0,0,384,1.0,,1.0,1.0
DQA1*03:03,GINTIPIAINEAEYV,48,333,0,0,381,1.0,,1.0,1.0
DPB1*03:01,GINTIPIAINEAEYV,47,332,0,0,379,1.0,,1.0,1.0
DQA1*01:03,GINTIPIAINEAEYV,42,339,0,0,381,1.0,,1.0,1.0
DPA1*02:02,GINTIPIAINEAEYV,40,339,0,0,379,1.0,,1.0,1.0
B*44:03,GINTIPIAINEAEYV,40,344,0,0,384,1.0,,1.0,1.0
DRB1*11:01,GINTIPIAINEAEYV,38,346,0,0,384,1.0,,1.0,1.0
DRB3*03:01,GINTIPIAINEAEYV,37,347,0,0,384,1.0,,1.0,1.0
C*03:03,GINTIPIAINEAEYV,37,347,0,0,384,1.0,,1.0,1.0
C*03:04,GINTIPIAINEAEYV,36,348,0,0,384,1.0,,1.0,1.0
DRB4*01:01,GINTIPIAINEAEYV,33,351,0,0,384,1.0,,1.0,1.0
B*51:01,GINTIPIAINEAEYV,33,351,0,0,384,1.0,,1.0,1.0
C*08:02,GINTIPIAINEAEYV,33,351,0,0,384,1.0,,1.0,1.0
A*68:01,GINTIPIAINEAEYV,32,352,0,0,384,1.0,,1.0,1.0
C*16:01,GINTIPIAINEAEYV,31,353,0,0,384,1.0,,1.0,1.0
B*15:01,GINTIPIAINEAEYV,31,353,0,0,384,1.0,,1.0,1.0
B*35:01,GINTIPIAINEAEYV,31,353,0,0,384,1.0,,1.0,1.0
B*18:01,GINTIPIAINEAEYV,30,354,0,0,384,1.0,,1.0,1.0
C*15:02,GINTIPIAINEAEYV,30,354,0,0,384,1.0,,1.0,1.0
B*57:01,GINTIPIAINEAEYV,30,354,0,0,384,1.0,,1.0,1.0
DQB1*06:03,GINTIPIAINEAEYV,30,351,0,0,381,1.0,,1.0,1.0
DRB1*13:02,GINTIPIAINEAEYV,29,355,0,0,384,1.0,,1.0,1.0
DRB1*13:01,GINTIPIAINEAEYV,27,357,0,0,384,1.0,,1.0,1.0
DRB1*04:04,GINTIPIAINEAEYV,26,358,0,0,384,1.0,,1.0,1.0
B*40:01,GINTIPIAINEAEYV,26,358,0,0,384,1.0,,1.0,1.0
DQB1*06:01,GINTIPIAINEAEYV,25,356,0,0,381,1.0,,1.0,1.0
B*14:02,GINTIPIAINEAEYV,25,359,0,0,384,1.0,,1.0,1.0
C*12:03,GINTIPIAINEAEYV,23,361,0,0,384,1.0,,1.0,1.0
C*01:02,GINTIPIAINEAEYV,23,361,0,0,384,1.0,,1.0,1.0
B*27:05,GINTIPIAINEAEYV,22,362,0,0,384,1.0,,1.0,1.0
DQB1*04:02,GINTIPIAINEAEYV,22,359,0,0,381,1.0,,1.0,1.0
DRB1*15:02,GINTIPIAINEAEYV,22,362,0,0,384,1.0,,1.0,1.0
DPB1*05:01,GINTIPIAINEAEYV,20,359,0,0,379,1.0,,1.0,1.0
A*31:01,GINTIPIAINEAEYV,20,364,0,0,384,1.0,,1.0,1.0
DQA1*01:04,GINTIPIAINEAEYV,20,361,0,0,381,1.0,,1.0,1.0
B*55:01,GINTIPIAINEAEYV,19,365,0,0,384,1.0,,1.0,1.0
DQB1*06:09,GINTIPIAINEAEYV,19,362,0,0,381,1.0,,1.0,1.0
DQA1*04:01,GINTIPIAINEAEYV,19,362,0,0,381,1.0,,1.0,1.0
C*02:02,GINTIPIAINEAEYV,17,367,0,0,384,1.0,,1.0,1.0
A*26:01,GINTIPIAINEAEYV,17,367,0,0,384,1.0,,1.0,1.0
B*40:06,GINTIPIAINEAEYV,17,367,0,0,384,1.0,,1.0,1.0
A*32:01,GINTIPIAINEAEYV,17,367,0,0,384,1.0,,1.0,1.0
A*33:03,GINTIPIAINEAEYV,17,367,0,0,384,1.0,,1.0,1.0
DRB1*11:04,GINTIPIAINEAEYV,16,368,0,0,384,1.0,,1.0,1.0
DPB1*105:01,GINTIPIAINEAEYV,16,363,0,0,379,1.0,,1.0,1.0
B*52:01,GINTIPIAINEAEYV,16,368,0,0,384,1.0,,1.0,1.0
DRB1*15:03,GINTIPIAINEAEYV,16,368,0,0,384,1.0,,1.0,1.0
C*07:04,GINTIPIAINEAEYV,15,369,0,0,384,1.0,,1.0,1.0
A*29:02,GINTIPIAINEAEYV,15,369,0,0,384,1.0,,1.0,1.0
DPA1*03:01,GINTIPIAINEAEYV,15,364,0,0,379,1.0,,1.0,1.0
C*14:02,GINTIPIAINEAEYV,14,370,0,0,384,1.0,,1.0,1.0
B*37:01,GINTIPIAINEAEYV,14,370,0,0,384,1.0,,1.0,1.0
DPB1*13:01,GINTIPIAINEAEYV,13,366,0,0,379,1.0,,1.0,1.0
DRB5*01:02,GINTIPIAINEAEYV,13,371,0,0,384,1.0,,1.0,1.0
DPB1*11:01,GINTIPIAINEAEYV,13,366,0,0,379,1.0,,1.0,1.0
DRB1*14:54,GINTIPIAINEAEYV,12,372,0,0,384,1.0,,1.0,1.0
A*23:01,GINTIPIAINEAEYV,12,372,0,0,384,1.0,,1.0,1.0
C*12:02,GINTIPIAINEAEYV,12,372,0,0,384,1.0,,1.0,1.0
DPB1*104:01,GINTIPIAINEAEYV,11,368,0,0,379,1.0,,1.0,1.0
B*13:02,GINTIPIAINEAEYV,11,373,0,0,384,1.0,,1.0,1.0
A*30:01,GINTIPIAINEAEYV,11,373,0,0,384,1.0,,1.0,1.0
B*40:02,GINTIPIAINEAEYV,11,373,0,0,384,1.0,,1.0,1.0
DPB1*06:01,GINTIPIAINEAEYV,11,368,0,0,379,1.0,,1.0,1.0
DQA1*01:05,GINTIPIAINEAEYV,11,370,0,0,381,1.0,,1.0,1.0
DPA1*02:07,GINTIPIAINEAEYV,11,368,0,0,379,1.0,,1.0,1.0
DPB1*14:01,GINTIPIAINEAEYV,10,369,0,0,379,1.0,,1.0,1.0
A*74:01,GINTIPIAINEAEYV,10,374,0,0,384,1.0,,1.0,1.0
C*17:01,GINTIPIAINEAEYV,10,374,0,0,384,1.0,,1.0,1.0
B*14:01,GINTIPIAINEAEYV,10,374,0,0,384,1.0,,1.0,1.0
DRB1*10:01,GINTIPIAINEAEYV,10,374,0,0,384,1.0,,1.0,1.0
DRB1*14:04,GINTIPIAINEAEYV,10,374,0,0,384,1.0,,1.0,1.0
DQB1*06:04,GINTIPIAINEAEYV,10,371,0,0,381,1.0,,1.0,1.0
A*02:05,GINTIPIAINEAEYV,9,375,0,0,384,1.0,,1.0,1.0
B*58:01,GINTIPIAINEAEYV,9,375,0,0,384,1.0,,1.0,1.0
B*53:01,GINTIPIAINEAEYV,9,375,0,0,384,1.0,,1.0,1.0
B*39:06,GINTIPIAINEAEYV,9,375,0,0,384,1.0,,1.0,1.0
A*24:07,GINTIPIAINEAEYV,9,375,0,0,384,1.0,,1.0,1.0
DRB1*09:01,GINTIPIAINEAEYV,9,375,0,0,384,1.0,,1.0,1.0
DRB1*13:03,GINTIPIAINEAEYV,9,375,0,0,384,1.0,,1.0,1.0
A*68:02,GINTIPIAINEAEYV,9,375,0,0,384,1.0,,1.0,1.0
B*35:03,GINTIPIAINEAEYV,9,375,0,0,384,1.0,,1.0,1.0
DRB1*08:01,GINTIPIAINEAEYV,9,375,0,0,384,1.0,,1.0,1.0
B*07:06,GINTIPIAINEAEYV,8,376,0,0,384,1.0,,1.0,1.0
DRB1*01:02,GINTIPIAINEAEYV,8,376,0,0,384,1.0,,1.0,1.0
DPB1*10:01,GINTIPIAINEAEYV,8,371,0,0,379,1.0,,1.0,1.0
B*45:01,GINTIPIAINEAEYV,8,376,0,0,384,1.0,,1.0,1.0
DRB5*02:02,GINTIPIAINEAEYV,8,376,0,0,384,1.0,,1.0,1.0
DRB1*04:03,GINTIPIAINEAEYV,8,376,0,0,384,1.0,,1.0,1.0
DRB1*04:07,GINTIPIAINEAEYV,7,377,0,0,384,1.0,,1.0,1.0
DRB1*04:05,GINTIPIAINEAEYV,7,377,0,0,384,1.0,,1.0,1.0
B*38:02,GINTIPIAINEAEYV,7,377,0,0,384,1.0,,1.0,1.0
C*07:06,GINTIPIAINEAEYV,7,377,0,0,384,1.0,,1.0,1.0
DQA1*03:02,GINTIPIAINEAEYV,7,374,0,0,381,1.0,,1.0,1.0
C*03:02,GINTIPIAINEAEYV,7,377,0,0,384,1.0,,1.0,1.0
A*30:02,GINTIPIAINEAEYV,6,378,0,0,384,1.0,,1.0,1.0
DQA1*06:01,GINTIPIAINEAEYV,6,375,0,0,381,1.0,,1.0,1.0
DRB1*01:03,GINTIPIAINEAEYV,6,378,0,0,384,1.0,,1.0,1.0
B*15:10,GINTIPIAINEAEYV,6,378,0,0,384,1.0,,1.0,1.0
B*15:18,GINTIPIAINEAEYV,6,378,0,0,384,1.0,,1.0,1.0
B*50:01,GINTIPIAINEAEYV,6,378,0,0,384,1.0,,1.0,1.0
B*42:01,GINTIPIAINEAEYV,6,378,0,0,384,1.0,,1.0,1.0
A*02:06,GINTIPIAINEAEYV,6,378,0,0,384,1.0,,1.0,1.0
A*25:01,GINTIPIAINEAEYV,6,378,0,0,384,1.0,,1.0,1.0
DRB1*12:01,GINTIPIAINEAEYV,5,379,0,0,384,1.0,,1.0,1.0
DRB1*08:04,GINTIPIAINEAEYV,5,379,0,0,384,1.0,,1.0,1.0
C*02:10,GINTIPIAINEAEYV,5,379,0,0,384,1.0,,1.0,1.0
B*49:01,GINTIPIAINEAEYV,5,379,0,0,384,1.0,,1.0,1.0
DPB1*26:01,GINTIPIAINEAEYV,5,374,0,0,379,1.0,,1.0,1.0
DRB1*04:02,GINTIPIAINEAEYV,5,379,0,0,384,1.0,,1.0,1.0
DRB1*11:02,GINTIPIAINEAEYV,5,379,0,0,384,1.0,,1.0,1.0
A*33:01,GINTIPIAINEAEYV,5,379,0,0,384,1.0,,1.0,1.0
A*34:02,GINTIPIAINEAEYV,5,379,0,0,384,1.0,,1.0,1.0
C*16:02,GINTIPIAINEAEYV,5,379,0,0,384,1.0,,1.0,1.0
DPB1*23:01,GINTIPIAINEAEYV,5,374,0,0,379,1.0,,1.0,1.0
DPB1*17:01,GINTIPIAINEAEYV,5,374,0,0,379,1.0,,1.0,1.0
B*15:03,GINTIPIAINEAEYV,5,379,0,0,384,1.0,,1.0,1.0
DRB1*16:02,GINTIPIAINEAEYV,5,379,0,0,384,1.0,,1.0,1.0
DRB1*12:02,GINTIPIAINEAEYV,5,379,0,0,384,1.0,,1.0,1.0
A*02:02,GINTIPIAINEAEYV,5,379,0,0,384,1.0,,1.0,1.0
B*57:03,GINTIPIAINEAEYV,4,380,0,0,384,1.0,,1.0,1.0
B*56:01,GINTIPIAINEAEYV,4,380,0,0,384,1.0,,1.0,1.0
DRB1*03:02,GINTIPIAINEAEYV,4,380,0,0,384,1.0,,1.0,1.0
DPB1*02:02,GINTIPIAINEAEYV,4,375,0,0,379,1.0,,1.0,1.0
DPB1*09:01,GINTIPIAINEAEYV,4,375,0,0,379,1.0,,1.0,1.0
DRB1*04:08,GINTIPIAINEAEYV,4,380,0,0,384,1.0,,1.0,1.0
A*34:01,GINTIPIAINEAEYV,4,380,0,0,384,1.0,,1.0,1.0
C*08:01,GINTIPIAINEAEYV,4,380,0,0,384,1.0,,1.0,1.0
C*15:05,GINTIPIAINEAEYV,4,380,0,0,384,1.0,,1.0,1.0
C*04:03,GINTIPIAINEAEYV,4,380,0,0,384,1.0,,1.0,1.0
B*35:02,GINTIPIAINEAEYV,4,380,0,0,384,1.0,,1.0,1.0
A*02:11,GINTIPIAINEAEYV,4,380,0,0,384,1.0,,1.0,1.0
B*38:01,GINTIPIAINEAEYV,4,380,0,0,384,1.0,,1.0,1.0
B*15:35,GINTIPIAINEAEYV,4,380,0,0,384,1.0,,1.0,1.0
DPB1*350:01,GINTIPIAINEAEYV,4,375,0,0,379,1.0,,1.0,1.0
DPB1*15:01,GINTIPIAINEAEYV,4,375,0,0,379,1.0,,1.0,1.0
DPA1*01:04,GINTIPIAINEAEYV,4,375,0,0,379,1.0,,1.0,1.0
DQA1*05:09,GINTIPIAINEAEYV,4,377,0,0,381,1.0,,1.0,1.0
B*41:01,GINTIPIAINEAEYV,3,381,0,0,384,1.0,,1.0,1.0
C*07:18,GINTIPIAINEAEYV,3,381,0,0,384,1.0,,1.0,1.0
B*15:17,GINTIPIAINEAEYV,3,381,0,0,384,1.0,,1.0,1.0
B*35:08,GINTIPIAINEAEYV,3,381,0,0,384,1.0,,1.0,1.0
B*51:09,GINTIPIAINEAEYV,3,381,0,0,384,1.0,,1.0,1.0
DPB1*18:01,GINTIPIAINEAEYV,3,376,0,0,379,1.0,,1.0,1.0
A*02:03,GINTIPIAINEAEYV,3,381,0,0,384,1.0,,1.0,1.0
DRB1*11:03,GINTIPIAINEAEYV,3,381,0,0,384,1.0,,1.0,1.0
A*36:01,GINTIPIAINEAEYV,3,381,0,0,384,1.0,,1.0,1.0
DQA1*05:03,GINTIPIAINEAEYV,3,378,0,0,381,1.0,,1.0,1.0
B*13:01,GINTIPIAINEAEYV,3,381,0,0,384,1.0,,1.0,1.0
DPB1*126:01,GINTIPIAINEAEYV,3,376,0,0,379,1.0,,1.0,1.0
DRB3*01:62,GINTIPIAINEAEYV,3,381,0,0,384,1.0,,1.0,1.0
DRB1*16:01,GINTIPIAINEAEYV,3,381,0,0,384,1.0,,1.0,1.0
DRB1*08:06,GINTIPIAINEAEYV,2,382,0,0,384,1.0,,1.0,1.0
A*29:01,GINTIPIAINEAEYV,2,382,0,0,384,1.0,,1.0,1.0
DPB1*21:01,GINTIPIAINEAEYV,2,377,0,0,379,1.0,,1.0,1.0
DPB1*16:01,GINTIPIAINEAEYV,2,377,0,0,379,1.0,,1.0,1.0
DPB1*135:01,GINTIPIAINEAEYV,2,377,0,0,379,1.0,,1.0,1.0
B*07:05,GINTIPIAINEAEYV,2,382,0,0,384,1.0,,1.0,1.0
C*18:02,GINTIPIAINEAEYV,2,382,0,0,384,1.0,,1.0,1.0
B*35:04,GINTIPIAINEAEYV,2,382,0,0,384,1.0,,1.0,1.0
B*35:05,GINTIPIAINEAEYV,2,382,0,0,384,1.0,,1.0,1.0
B*15:02,GINTIPIAINEAEYV,2,382,0,0,384,1.0,,1.0,1.0
B*15:16,GINTIPIAINEAEYV,2,382,0,0,384,1.0,,1.0,1.0
B*44:10,GINTIPIAINEAEYV,2,382,0,0,384,1.0,,1.0,1.0
B*51:06,GINTIPIAINEAEYV,2,382,0,0,384,1.0,,1.0,1.0
B*15:21,GINTIPIAINEAEYV,2,382,0,0,384,1.0,,1.0,1.0
A*03:02,GINTIPIAINEAEYV,2,382,0,0,384,1.0,,1.0,1.0
A*23:17,GINTIPIAINEAEYV,2,382,0,0,384,1.0,,1.0,1.0
DRB1*08:02,GINTIPIAINEAEYV,2,382,0,0,384,1.0,,1.0,1.0
A*66:01,GINTIPIAINEAEYV,2,382,0,0,384,1.0,,1.0,1.0
DPB1*835:01,GINTIPIAINEAEYV,2,377,0,0,379,1.0,,1.0,1.0
DRB1*08:03,GINTIPIAINEAEYV,2,382,0,0,384,1.0,,1.0,1.0
DPB1*19:01,GINTIPIAINEAEYV,2,377,0,0,379,1.0,,1.0,1.0
A*11:02,GINTIPIAINEAEYV,1,383,0,0,384,1.0,,1.0,1.0
A*24:11,GINTIPIAINEAEYV,1,383,0,0,384,1.0,,1.0,1.0
A*24:03,GINTIPIAINEAEYV,1,383,0,0,384,1.0,,1.0,1.0
A*02:13,GINTIPIAINEAEYV,1,383,0,0,384,1.0,,1.0,1.0
A*02:22,GINTIPIAINEAEYV,1,383,0,0,384,1.0,,1.0,1.0
DRB1*14:46,GINTIPIAINEAEYV,1,383,0,0,384,1.0,,1.0,1.0
DRB1*14:19,GINTIPIAINEAEYV,1,383,0,0,384,1.0,,1.0,1.0
DRB1*14:10,GINTIPIAINEAEYV,1,383,0,0,384,1.0,,1.0,1.0
B*27:06,GINTIPIAINEAEYV,1,383,0,0,384,1.0,,1.0,1.0
DRB3*02:56,GINTIPIAINEAEYV,1,383,0,0,384,1.0,,1.0,1.0
B*35:41,GINTIPIAINEAEYV,1,383,0,0,384,1.0,,1.0,1.0
B*39:10,GINTIPIAINEAEYV,1,383,0,0,384,1.0,,1.0,1.0
B*39:31,GINTIPIAINEAEYV,1,383,0,0,384,1.0,,1.0,1.0
C*15:06,GINTIPIAINEAEYV,1,383,0,0,384,1.0,,1.0,1.0
C*08:22,GINTIPIAINEAEYV,1,383,0,0,384,1.0,,1.0,1.0
C*07:27,GINTIPIAINEAEYV,1,383,0,0,384,1.0,,1.0,1.0
C*07:68,GINTIPIAINEAEYV,1,383,0,0,384,1.0,,1.0,1.0
C*04:82,GINTIPIAINEAEYV,1,383,0,0,384,1.0,,1.0,1.0
C*04:06,GINTIPIAINEAEYV,1,383,0,0,384,1.0,,1.0,1.0
C*03:407,GINTIPIAINEAEYV,1,383,0,0,384,1.0,,1.0,1.0
B*15:07,GINTIPIAINEAEYV,1,383,0,0,384,1.0,,1.0,1.0
B*15:29,GINTIPIAINEAEYV,1,383,0,0,384,1.0,,1.0,1.0
B*15:11,GINTIPIAINEAEYV,1,383,0,0,384,1.0,,1.0,1.0
B*15:54,GINTIPIAINEAEYV,1,383,0,0,384,1.0,,1.0,1.0
B*18:12,GINTIPIAINEAEYV,1,383,0,0,384,1.0,,1.0,1.0
C*03:17,GINTIPIAINEAEYV,1,383,0,0,384,1.0,,1.0,1.0
C*03:18,GINTIPIAINEAEYV,1,383,0,0,384,1.0,,1.0,1.0
C*03:422,GINTIPIAINEAEYV,1,383,0,0,384,1.0,,1.0,1.0
B*15:05,GINTIPIAINEAEYV,1,383,0,0,384,1.0,,1.0,1.0
B*46:01,GINTIPIAINEAEYV,1,383,0,0,384,1.0,,1.0,1.0
B*48:01,GINTIPIAINEAEYV,1,383,0,0,384,1.0,,1.0,1.0
B*41:02,GINTIPIAINEAEYV,1,383,0,0,384,1.0,,1.0,1.0
B*44:05,GINTIPIAINEAEYV,1,383,0,0,384,1.0,,1.0,1.0
B*81:02,GINTIPIAINEAEYV,1,383,0,0,384,1.0,,1.0,1.0
C*01:44,GINTIPIAINEAEYV,1,383,0,0,384,1.0,,1.0,1.0
C*01:127,GINTIPIAINEAEYV,1,383,0,0,384,1.0,,1.0,1.0
DRB1*14:15,GINTIPIAINEAEYV,1,383,0,0,384,1.0,,1.0,1.0
DPA1*04:01,GINTIPIAINEAEYV,1,378,0,0,379,1.0,,1.0,1.0
C*17:03,GINTIPIAINEAEYV,1,383,0,0,384,1.0,,1.0,1.0
DPA1*02:12,GINTIPIAINEAEYV,1,378,0,0,379,1.0,,1.0,1.0
DPA1*02:31,GINTIPIAINEAEYV,1,378,0,0,379,1.0,,1.0,1.0
DPB1*109:01,GINTIPIAINEAEYV,1,378,0,0,379,1.0,,1.0,1.0
DPB1*124:01,GINTIPIAINEAEYV,1,378,0,0,379,1.0,,1.0,1.0
A*68:08,GINTIPIAINEAEYV,1,383,0,0,384,1.0,,1.0,1.0
DPB1*20:01,GINTIPIAINEAEYV,1,378,0,0,379,1.0,,1.0,1.0
B*14:05,GINTIPIAINEAEYV,1,383,0,0,384,1.0,,1.0,1.0
A*80:01,GINTIPIAINEAEYV,1,383,0,0,384,1.0,,1.0,1.0
A*74:03,GINTIPIAINEAEYV,1,383,0,0,384,1.0,,1.0,1.0
B*07:36,GINTIPIAINEAEYV,1,383,0,0,384,1.0,,1.0,1.0
DPB1*85:01,GINTIPIAINEAEYV,1,378,0,0,379,1.0,,1.0,1.0
DPB1*463:01,GINTIPIAINEAEYV,1,378,0,0,379,1.0,,1.0,1.0
DPB1*296:01,GINTIPIAINEAEYV,1,378,0,0,379,1.0,,1.0,1.0
DPB1*414:01,GINTIPIAINEAEYV,1,378,0,0,379,1.0,,1.0,1.0
DPB1*762:01,GINTIPIAINEAEYV,1,378,0,0,379,1.0,,1.0,1.0
DPB1*49:01,GINTIPIAINEAEYV,1,378,0,0,379,1.0,,1.0,1.0
DPB1*498:01,GINTIPIAINEAEYV,1,378,0,0,379,1.0,,1.0,1.0
DPB1*849:01,GINTIPIAINEAEYV,1,378,0,0,379,1.0,,1.0,1.0
A*68:03,GINTIPIAINEAEYV,1,383,0,0,384,1.0,,1.0,1.0
DPB1*854:01,GINTIPIAINEAEYV,1,378,0,0,379,1.0,,1.0,1.0
DQB1*06:11,GINTIPIAINEAEYV,1,380,0,0,381,1.0,,1.0,1.0
DQB*105:01,GINTIPIAINEAEYV,1,380,0,0,381,1.0,,1.0,1.0
DRB1*04:19,GINTIPIAINEAEYV,1,383,0,0,384,1.0,,1.0,1.0
DRB1*04:10,GINTIPIAINEAEYV,1,383,0,0,384,1.0,,1.0,1.0
DQB1*06:n/a,GINTIPIAINEAEYV,1,380,0,0,381,1.0,,1.0,1.0
DQB1*04:01,GINTIPIAINEAEYV,1,380,0,0,381,1.0,,1.0,1.0
DQB1*03:n/a,GINTIPIAINEAEYV,1,380,0,0,381,1.0,,1.0,1.0
A*66:02,GINTIPIAINEAEYV,1,383,0,0,384,1.0,,1.0,1.0
A*33:05,GINTIPIAINEAEYV,1,383,0,0,384,1.0,,1.0,1.0
A*32:10,GINTIPIAINEAEYV,1,383,0,0,384,1.0,,1.0,1.0
DRB1*11:10,GINTIPIAINEAEYV,1,383,0,0,384,1.0,,1.0,1.0
DRB1*14:02,GINTIPIAINEAEYV,1,383,0,0,384,1.0,,1.0,1.0
DRB1*11:28,GINTIPIAINEAEYV,1,383,0,0,384,1.0,,1.0,1.0
DRB1*14:01,GINTIPIAINEAEYV,1,383,0,0,384,1.0,,1.0,1.0
DRB4*01:124,GINTIPIAINEAEYV,1,383,0,0,384,1.0,,1.0,1.0
DRB4*01/02,GINTIPIAINEAEYV,1,383,0,0,384,1.0,,1.0,1.0
A*01:03,GINTIPIAINEAEYV,1,383,0,0,384,1.0,,1.0,1.0
DRB5*01:08,GINTIPIAINEAEYV,1,383,0,0,384,1.0,,1.0,1.0
